cell_type,stage,proportion,,
Plasma,s00h,0.0946865232579518,,
B,s00h,0.128700128700129,,
Plasma,s02h,0.0707850707850708,,
B,s02h,0.116289759146902,,
Plasma,s06h,0.0902739474168046,,
B,s06h,0.212171355028498,,
Plasma,s72h,0.261353189924618,,
B,s72h,0.0257400257400257,,
